<?xml version="1.0" encoding="UTF-8"?>
<project-private xmlns="http://www.netbeans.org/ns/project-private/1">
    <editor-bookmarks xmlns="http://www.netbeans.org/ns/editor-bookmarks/2" lastBookmarkId="1">
        <file>
            <url>src/java/huytl/util/DBHelper.java</url>
            <bookmark id="1">
                <name/>
                <line>32</line>
                <key/>
            </bookmark>
        </file>
    </editor-bookmarks>
    <open-files xmlns="http://www.netbeans.org/ns/projectui-open-files/2">
        <group>
            <file>file:/D:/SE1708MVC2/src/java/huytl/servlet/RemoveItemsFromCartServlet.java</file>
            <file>file:/D:/SE1708MVC2/web/createAccount.jsp</file>
            <file>file:/D:/SE1708MVC2/web/login.html</file>
            <file>file:/D:/SE1708MVC2/web/invalid.html</file>
            <file>file:/D:/SE1708MVC2/src/java/huytl/servlet/StartUpServlet.java</file>
            <file>file:/D:/SE1708MVC2/web/createAccount.html</file>
            <file>file:/D:/SE1708MVC2/web/bookStore.html</file>
            <file>file:/D:/SE1708MVC2/src/java/huytl/cart/CartObject.java</file>
            <file>file:/D:/SE1708MVC2/web/search.jsp</file>
            <file>file:/D:/SE1708MVC2/src/java/huytl/servlet/DispatchServlet.java</file>
            <file>file:/D:/SE1708MVC2/web/cart.jsp</file>
            <file>file:/D:/SE1708MVC2/src/java/huytl/servlet/LoginServlet.java</file>
        </group>
    </open-files>
</project-private>
